label,turns,turn_pct
non_creative_task,172054,0.6548999307241986
single_creative_generation,64194,0.2443456481855069
strict_brainstorming,20698,0.07878409549402782
refinement_or_selection,5772,0.02197032559626672
