k,silhouette,inertia
2,0.2598886269156972,266388.269498948
3,0.26000458971179335,224300.17672999427
4,0.29186467509371666,192988.59726002917
5,0.32253208936436817,164893.45813848567
6,0.31646871342805033,143400.45843306236
