reviewed_stage,reviewed,agreements,agreement_rate
t2,70,38,0.5428571428571428
t3,70,47,0.6714285714285714
