relationship,chi2,p_value,cramers_v
topic_x_three_group,234.93940559337167,1.4084503616097673e-34,0.24462609641807373
topic_x_process_taxonomy,355.1132921143864,9.70575234424935e-40,0.19021217531146087
